Segment,Type,length,Image,Primitives,Text,Speed,Cycles,Scale,tx,ty
1,Law,30,0,25,,60,,,,
2,Law,30,0,21,,60,,,,
3,Law,30,0,24,,60,,,,
4,Law,30,0,23,,60,,,,
5,Law,30,0,22,,60,,,,
6,Text,4,0,,If a man,40,20,0.2,1300,3300
7,Text,4,0,,Has blinded,150,20,0.25,900,3000
8,Law,30,0,17,,60,,,,
9,Law,30,0,14,,60,,,,
10,Law,30,0,19,,60,,,,
11,Law,30,0,15,,60,,,,
12,Law,30,0,16,,60,,,,
13,Law,30,0,18,,60,,,,
14,Law,30,0,20,,60,,,,
15,Text,3,0,,the eye,25,15,0.12,400,1200
16,Text,4,0,,of the man,25,15,0.12,400,900
17,Law,30,0,9,,60,,,,
18,Law,30,0,11,,60,,,,
19,Law,30,0,13,,60,,,,
20,Law,30,0,12,,60,,,,
21,Law,30,0,10,,60,,,,
22,Text,5,0,,of high rank,150,20,0.25,900,3000
23,Law,30,0,6,,60,,,,
24,Law,30,0,7,,60,,,,
25,Law,30,0,8,,60,,,,
26,Law,30,0,5,,60,,,,
27,Text,4,0,,His eye,25,19,0.12,3250,1200
28,Text,4,0,,Will be ,15,17,0.12,3250,900
29,Law,30,0,0,,60,,,,
30,Law,30,0,2,,60,,,,
31,Law,30,0,3,,60,,,,
32,Law,30,0,4,,60,,,,
33,Law,30,0,1,,60,,,,
34,Text,4,0,,Blinded,150,30,0.3,1300,200
35,Text,4,0,,If a man,40,20,0.2,1300,3300
36,Text,4,0,,Has blinded,150,20,0.25,900,3000
37,Text,3,0,,the eye,25,15,0.12,400,1200
38,Text,4,0,,of the man,25,15,0.12,400,900
39,Text,5,0,,of high rank,150,20,0.25,900,3000
40,Text,4,0,,His eye,25,19,0.12,3250,1200
41,Text,4,0,,Will be ,15,17,0.12,3250,900
42,Text,4,0,,Blinded,150,30,0.3,1300,200
43,Pause,4,0,,,,,,,
44,Law,30,1,24,,60,,,,
45,Law,30,1,21,,60,,,,
46,Law,30,1,20,,60,,,,
47,Text,3,1,,If he,40,15,0.2,1300,3300
48,Text,5,1,,has broken,150,25,0.25,900,3000
49,Law,30,1,22,,60,,,,
50,Law,30,1,23,,60,,,,
51,Text,3,1,,If he,40,15,0.2,1300,3300
52,Text,5,1,,has broken,150,25,0.25,900,3000
53,Law,30,1,18,,60,,,,
54,Law,30,1,19,,60,,,,
55,Law,30,1,17,,60,,,,
56,Law,30,1,15,,60,,,,
57,Text,3,1,,a bone,25,15,0.12,400,1200
58,Text,4,1,,of a man,25,15,0.12,400,900
59,Law,30,1,11,,60,,,,
60,Law,30,1,13,,60,,,,
61,Law,30,1,14,,60,,,,
62,Text,3,1,,a bone,25,15,0.12,400,1200
63,Text,4,1,,of a man,25,15,0.12,400,900
64,Law,30,1,8,,60,,,,
65,Law,30,1,7,,60,,,,
66,Text,5,1,,his bone,150,20,0.25,900,3000
67,Law,30,1,6,,60,,,,
68,Law,30,1,10,,60,,,,
69,Text,5,1,,his bone,150,20,0.25,900,3000
70,Law,30,1,4,,60,,,,
71,Law,30,1,0,,60,,,,
72,Law,30,1,1,,60,,,,
73,Text,3,1,,Will be ,25,19,0.12,3250,1200
74,Text,4,1,,broken,150,30,0.3,1300,200
75,Law,30,1,2,,60,,,,
76,Law,30,1,5,,60,,,,
77,Text,3,1,,Will be ,25,19,0.12,3250,1200
78,Text,4,1,,broken,150,30,0.3,1300,200
79,Text,3,1,,If he,40,15,0.2,1300,3300
80,Text,5,1,,has broken,150,25,0.25,900,3000
81,Text,3,1,,a bone,25,15,0.12,400,1200
82,Text,4,1,,of a man,25,15,0.12,400,900
83,Text,5,1,,his bone,150,20,0.25,900,3000
84,Text,3,1,,Will be ,25,19,0.12,3250,1200
85,Text,4,1,,broken,150,30,0.3,1300,200
86,Pause,4,1,,,,,,,
87,Law,30,2,27,,60,,,,
88,Law,30,2,23,,60,,,,
89,Text,4,2,,If a man,40,20,0.2,1300,3300
90,Text,4,2,,has knocked out,150,20,0.25,500,3000
91,Law,30,2,25,,60,,,,
92,Law,30,2,24,,60,,,,
93,Law,30,2,26,,60,,,,
94,Text,4,2,,If a man,40,20,0.2,1300,3300
95,Text,4,2,,has knocked out,150,20,0.25,500,3000
96,Law,30,2,20,,60,,,,
97,Law,30,2,22,,60,,,,
98,Law,30,2,21,,60,,,,
99,Text,3,2,,the tooth,25,15,0.12,250,1200
100,Law,30,2,18,,60,,,,
101,Law,30,2,19,,60,,,,
102,Law,30,2,17,,60,,,,
103,Text,3,2,,the tooth,25,15,0.12,250,1200
104,Law,30,2,14,,60,,,,
105,Law,30,2,15,,60,,,,
106,Text,4,2,,of a man,25,15,0.12,400,900
107,Law,30,2,16,,60,,,,
108,Law,30,2,13,,60,,,,
109,Text,4,2,,of a man,25,15,0.12,400,900
110,Law,30,2,11,,60,,,,
111,Law,30,2,10,,60,,,,
112,Law,30,2,12,,60,,,,
113,Text,5,2,,of his own rank,120,16,0.2,800,3000
114,Law,30,2,7,,60,,,,
115,Law,30,2,6,,60,,,,
116,Law,30,2,9,,60,,,,
117,Text,4,2,,his tooth,25,19,0.1,3180,1200
118,Law,30,2,8,,60,,,,
119,Law,30,2,5,,60,,,,
120,Text,4,2,,his tooth,25,19,0.1,3180,1200
121,Law,30,2,1,,60,,,,
122,Law,30,2,2,,60,,,,
123,Law,30,2,0,,60,,,,
124,Text,4,2,,will be,25,19,0.12,3250,900
125,Law,30,2,4,,60,,,,
126,Law,30,2,3,,60,,,,
127,Text,4,2,,will be,25,19,0.12,3250,900
128,Text,4,2,,knocked out,150,30,0.3,500,200
129,Text,4,2,,If a man,40,20,0.2,1300,3300
130,Text,4,2,,has knocked out,150,20,0.25,900,3000
131,Text,3,2,,the tooth,25,15,0.12,250,1200
132,Text,4,2,,of a man,25,15,0.12,400,900
133,Text,5,2,,of his own rank,120,16,0.2,800,3000
134,Text,4,2,,his tooth,25,19,0.1,3180,1200
135,Text,4,2,,will be,25,19,0.12,3250,900
136,Text,4,2,,knocked out,150,30,0.3,700,200
137,Pause,4,2,,,,,,,
